Player,Pos,ADP,+/-,%,σ
Bijan Robinson,RB1,1.4,-0.2,-16.7%,0.1
Jahmyr Gibbs,RB2,1.8,2.2,55.0%,0.6
Ja'Marr Chase,WR1,3.4,-0.1,-3.0%,0.2
Puka Nacua,WR2,3.9,-1.5,-62.5%,0.4
Jaxon Smith-Njigba,WR3,5.1,-0.5,-10.9%,0.1
Jonathan Taylor,RB3,6.4,1.0,13.5%,0.2
Christian McCaffrey,RB4,7.5,0.6,7.4%,0.3
CeeDee Lamb,WR4,8.5,-1.5,-21.4%,0.5
Amon-Ra St. Brown,WR5,9.0,1.3,12.6%,0.2
Justin Jefferson,WR6,10.1,5.3,34.4%,2.0
James Cook,RB5,11.0,-1.2,-12.2%,0.3
Ashton Jeanty,RB6,11.9,4.2,26.1%,1.0
De'Von Achane,RB7,13.5,-3.0,-28.6%,0.9
Omarion Hampton,RB8,15.3,2.4,13.6%,0.7
Jeremiyah Love,RB9,15.6,6.2,28.4%,1.7
Saquon Barkley,RB10,16.0,1.0,5.9%,0.5
Malik Nabers,WR7,17.7,-3.0,-20.4%,1.2
Trey McBride,TE1,18.9,-5.7,-43.2%,1.7
Kenneth Walker III,RB11,19.1,17.3,47.5%,5.1
Drake London,WR8,19.5,-5.1,-35.4%,1.5
Derrick Henry,RB12,20.4,1.5,6.8%,0.6
Chase Brown,RB13,21.9,2.3,9.5%,0.7
Brock Bowers,TE2,23.3,-3.6,-18.3%,1.2
George Pickens,WR9,23.9,-2.5,-11.7%,0.6
Nico Collins,WR10,24.4,-1.5,-6.6%,0.5
Chris Olave,WR11,27.0,-0.8,-3.1%,0.5
Josh Jacobs,RB14,27.2,2.9,9.6%,0.8
Josh Allen,QB1,29.0,-2.6,-9.8%,1.0
A.J. Brown,WR12,29.4,1.9,6.1%,1.5
Travis Etienne Jr.,RB15,30.3,6.2,17.0%,2.9
Tetairoa McMillan,WR13,31.6,-1.8,-6.0%,0.7
Breece Hall,RB16,32.4,3.3,9.2%,1.6
Tee Higgins,WR14,32.9,-3.2,-10.8%,1.1
Kyren Williams,RB17,34.3,-0.7,-2.1%,0.7
Rashee Rice,WR15,35.1,-8.9,-34.0%,3.9
Garrett Wilson,WR16,36.6,5.3,12.6%,1.0
Bucky Irving,RB18,36.9,-5.2,-16.4%,3.2
Ladd McConkey,WR17,38.8,-1.5,-4.0%,0.9
Emeka Egbuka,WR18,39.0,17.4,30.9%,4.2
Javonte Williams,RB19,40.4,31.6,43.9%,8.0
Zay Flowers,WR19,40.6,4.8,10.6%,1.3
DeVonta Smith,WR20,41.5,2.0,4.6%,1.2
Luther Burden,WR21,42.3,11.8,21.8%,3.0
Jameson Williams,WR22,45.1,-8.9,-24.6%,2.3
Colston Loveland,TE3,46.0,-3.9,-9.3%,1.6
Jaylen Waddle,WR23,47.2,23.3,33.0%,4.4
Terry McLaurin,WR24,47.5,18.1,27.6%,3.9
TreVeyon Henderson,RB20,48.7,-2.9,-6.3%,1.3
Davante Adams,WR25,48.8,-8.4,-20.8%,2.4
Mike Evans,WR26,49.8,18.2,26.8%,7.9
Lamar Jackson,QB2,50.9,-2.7,-5.6%,1.7
Rome Odunze,WR27,52.8,4.4,7.7%,2.5
Quinshon Judkins,RB21,53.8,7.3,11.9%,1.6
D.J. Moore,WR28,54.1,34.8,39.1%,16.4
Carnell Tate,WR29,56.5,-4.3,-8.2%,1.5
Cam Skattebo,RB22,56.8,-9.5,-20.1%,5.4
Bhayshul Tuten,RB22,56.8,35.1,38.2%,9.6
David Montgomery,RB24,57.0,71.2,55.5%,22.2
Christian Watson,WR30,58.7,-5.1,-9.5%,1.3
D'Andre Swift,RB25,60.6,-4.4,-7.8%,1.3
Brian Thomas,WR31,61.9,17.2,21.7%,4.4
Jayden Daniels,QB3,62.4,11.0,15.0%,2.6
Makai Lemon,WR32,63.4,-1.8,-2.9%,2.5
Marvin Harrison,WR33,64.7,9.3,12.6%,2.4
Joe Burrow,QB4,64.7,7.4,10.3%,1.7
RJ Harvey,RB26,66.5,-20.3,-43.9%,6.4
Tyler Warren,TE4,68.1,-0.8,-1.2%,1.3
Caleb Williams,QB5,68.5,-12.4,-22.1%,2.9
Alec Pierce,WR34,68.8,-7.6,-12.4%,4.9
Jalen Hurts,QB6,69.6,8.6,11.0%,2.0
Jordyn Tyson,WR35,70.8,-20.8,-41.6%,5.5
Drake Maye,QB7,71.9,-32.2,-81.1%,8.9
Parker Washington,WR36,72.9,13.0,15.1%,2.4
Chuba Hubbard,RB27,73.8,21.1,22.2%,6.8
Courtland Sutton,WR37,74.3,-17.1,-29.9%,4.8
DK Metcalf,WR38,76.9,-12.5,-19.4%,4.1
Michael Wilson,WR39,77.5,-8.6,-12.5%,2.7
Jaylen Warren,RB28,78.1,-2.7,-3.6%,2.2
Rhamondre Stevenson,RB29,79.2,-9.6,-13.8%,4.6
Harold Fannin,TE5,80.4,-10.0,-14.2%,2.3
Dak Prescott,QB8,80.6,16.6,17.1%,3.8
Justin Herbert,QB9,82.6,-18.2,-28.3%,4.2
Trevor Lawrence,QB10,83.9,-6.3,-8.1%,1.6
Ricky Pearsall,WR40,85.2,3.3,3.7%,3.7
Jaxson Dart,QB11,86.5,-14.1,-19.5%,3.5
Jordan Addison,WR41,87.1,24.0,21.6%,5.7
Jakobi Meyers,WR42,87.2,3.4,3.8%,1.3
Tyler Allgeier,RB30,87.5,41.0,31.9%,9.6
Tucker Kraft,TE6,89.2,-1.1,-1.2%,2.4
Patrick Mahomes,QB12,89.3,5.6,5.9%,1.7
Rico Dowdle,RB31,91.3,13.5,12.9%,4.2
Chris Godwin,WR43,91.4,28.6,23.8%,9.6
Kyle Monangai,RB32,93.4,-5.5,-6.3%,3.0
Brock Purdy,QB13,94.6,13.6,12.6%,3.1
Romeo Doubs,WR44,95.7,16.5,14.7%,15.0
Bo Nix,QB14,97.1,9.3,8.7%,2.4
Michael Pittman Jr.,WR45,97.5,-11.4,-13.2%,2.0
Kyle Pitts,TE7,99.0,-47.0,-90.4%,9.1
Blake Corum,RB33,99.8,-7.4,-8.0%,2.9
Quentin Johnston,WR46,101.4,-14.6,-16.8%,5.3
Sam LaPorta,TE8,101.6,-5.9,-6.2%,3.2
Matthew Stafford,QB15,102.3,-15.0,-17.2%,2.5
J.K. Dobbins,RB34,102.3,64.0,38.5%,14.9
Wan'Dale Robinson,WR47,102.4,2.2,2.1%,3.5
Tony Pollard,RB35,105.1,-19.9,-23.4%,5.8
Jared Goff,QB16,105.4,14.4,12.0%,3.0
Jayden Reed,WR48,105.6,4.1,3.7%,3.1
Kyler Murray,QB17,106.1,45.7,30.1%,17.1
Jadarian Price,RB36,108.3,-11.2,-11.5%,3.6
Jordan Love,QB18,109.1,8.5,7.2%,2.1
Xavier Worthy,WR49,109.2,-0.4,-0.4%,3.9
Baker Mayfield,QB19,111.5,20.9,15.8%,4.4
Oronde Gadsden,TE9,112.2,-0.1,-0.1%,3.0
Kenneth Gainwell,RB37,114.5,16.5,12.6%,6.1
Jalen Coker,WR50,116.6,-2.7,-2.4%,1.5
KC Concepcion,WR51,117.1,45.7,28.1%,7.1
Tyler Shough,QB20,118.6,27.4,18.8%,5.5
Jordan Mason,RB38,119.8,39.3,24.7%,14.8
Dalton Kincaid,TE10,119.9,-25.4,-26.9%,5.6
Josh Downs,WR52,121.3,9.4,7.2%,11.7
Matthew Golden,WR53,121.8,4.3,3.4%,1.4
George Kittle,TE11,123.1,9.2,7.0%,2.9
Malik Willis,QB21,123.9,49.0,28.3%,15.5
Jayden Higgins,WR54,125.2,-7.4,-6.3%,2.0
Rachaad White,RB39,125.9,42.2,25.1%,16.7
Khalil Shakir,WR55,126.8,-24.3,-23.7%,7.1
Jake Ferguson,TE12,128.0,9.4,6.8%,2.1
Jonah Coleman,RB40,129.2,-18.4,-16.6%,4.6
Sam Darnold,QB22,129.5,21.0,14.0%,6.3
Kenyon Sadiq,TE13,131.2,-2.4,-1.9%,7.5
Jalen McMillan,WR56,132.4,11.4,7.9%,8.4
Mike Washington Jr.,RB41,133.1,104.2,43.9%,43.1
Travis Kelce,TE14,133.3,61.3,31.5%,14.6
C.J. Stroud,QB23,135.5,27.7,17.0%,6.4
Jauan Jennings,WR57,136.0,-5.6,-4.3%,7.6
Dallas Goedert,TE15,137.2,-22.2,-19.3%,7.7
Aaron Jones,RB42,137.4,12.5,8.3%,9.6
Denzel Boston,WR58,137.7,-55.6,-67.7%,14.9
Jacory Croskey-Merritt,RB43,139.6,-13.4,-10.6%,5.6
Chris Rodriguez,RB44,140.0,88.3,38.7%,37.2
Rashid Shaheed,WR59,141.4,-2.0,-1.4%,1.5
Cam Ward,QB24,141.7,28.0,16.5%,5.5
Omar Cooper Jr.,WR60,142.4,91.9,39.2%,28.6
Isaiah Likely,TE16,142.6,25.7,15.3%,12.2
Daniel Jones,QB25,144.5,38.7,21.1%,8.6
Zach Charbonnet,RB45,146.1,4.1,2.7%,5.2
Bryce Young,QB26,147.1,10.6,6.7%,4.6
Mark Andrews,TE17,147.3,-10.7,-7.8%,3.0
Tyrone Tracy,RB46,149.0,2.6,1.7%,6.5
Fernando Mendoza,QB27,149.8,6.4,4.1%,6.9
Jonathon Brooks,RB47,150.1,56.2,27.2%,10.9
Stefon Diggs,WR61,150.4,-83.2,-123.8%,25.0
Brenton Strange,TE18,150.7,-39.5,-35.5%,9.6
Travis Hunter,WR62,153.6,-23.0,-17.6%,6.2
Brandon Aiyuk,WR63,154.3,-17.0,-12.4%,4.4
Keaton Mitchell,RB48,155.2,55.5,26.3%,17.3
Juwan Johnson,TE19,156.5,16.0,9.3%,5.4
Jacoby Brissett,QB28,157.2,47.5,23.2%,14.4
Jerry Jeudy,WR64,160.8,-30.2,-23.1%,6.0
Deebo Samuel,WR65,161.0,-33.4,-26.2%,11.2
Hunter Henry,TE20,161.1,-13.1,-8.9%,6.4
James Conner,RB49,161.7,-1.0,-0.6%,7.9
Chig Okonkwo,TE21,161.9,74.2,31.4%,27.5
Woody Marks,RB50,162.8,-49.3,-43.4%,17.3
Emanuel Wilson,RB51,164.9,42.9,20.6%,17.5
Emmett Johnson,RB52,166.8,-28.0,-20.2%,14.2
Isiah Pacheco,RB53,167.8,53.0,24.0%,27.1
Kayshon Boutte,WR66,169.1,-60.7,-56.0%,16.7
Adonai Mitchell,WR67,169.9,-12.7,-8.1%,6.3
Geno Smith,QB29,170.9,68.7,28.7%,26.7
Calvin Ridley,WR68,172.3,-8.0,-4.9%,2.7
Isaac TeSlaa,WR69,172.9,21.9,11.2%,4.6
AJ Barner,TE22,173.8,-19.0,-12.3%,3.8
Jalen Nailor,WR70,174.9,62.2,26.2%,26.2
T.J. Hockenson,TE23,175.3,5.9,3.3%,4.8
Tyreek Hill,WR71,175.9,-30.0,-20.6%,10.1
Tyjae Spears,RB54,176.8,-34.8,-24.5%,8.0
Dylan Sampson,RB55,178.4,0.0,0.0%,2.1
Dalton Schultz,TE24,178.7,-12.9,-7.8%,4.2
Tank Dell,WR72,179.2,-18.5,-11.5%,4.0
Tre' Harris,WR73,182.2,33.7,15.6%,7.3
Brian Robinson,RB56,183.2,37.1,16.8%,7.2
Eli Stowers,TE25,183.3,28.6,13.5%,17.7
Sean Tucker,RB57,185.2,-26.0,-16.3%,6.7
Tank Bigsby,RB58,185.8,-6.8,-3.8%,3.4
Darnell Mooney,WR74,186.2,15.9,7.9%,12.0
Christian Kirk,WR75,186.9,16.0,7.9%,17.3
Malik Washington,WR76,189.1,42.8,18.5%,13.5
Chimere Dike,WR77,189.5,-8.8,-4.9%,5.0
David Njoku,TE26,192.3,22.8,10.6%,9.0
Nicholas Singleton,RB59,192.9,3.5,1.8%,7.1
Tre Tucker,WR78,193.0,-4.8,-2.6%,3.6
Alvin Kamara,RB60,193.4,-25.7,-15.3%,16.4
Mason Taylor,TE27,193.7,8.0,4.0%,3.3
Tua Tagovailoa,QB30,195.7,38.9,16.6%,15.1
Cade Otton,TE28,197.1,5.9,2.9%,5.5
Gunnar Helm,TE29,199.5,33.3,14.3%,6.3
Braelon Allen,RB61,200.0,-4.4,-2.2%,14.9
Pat Bryant,WR79,202.9,-72.5,-55.6%,17.0
Kimani Vidal,RB62,203.8,-53.8,-35.9%,12.0
Aaron Rodgers,QB31,203.9,30.2,12.9%,8.2
Elijah Sarratt,WR80,204.4,-98.0,-92.1%,24.0
Ryan Flournoy,WR81,204.5,29.2,12.5%,6.2
Chris Brazzell II,WR82,205.3,19.7,8.8%,5.9
Terrance Ferguson,TE30,207.3,-30.9,-17.5%,8.6
Kaytron Allen,RB63,207.9,-83.8,-67.5%,21.3
Pat Freiermuth,TE31,209.0,16.0,7.1%,5.6
Troy Franklin,WR83,209.2,-39.3,-23.1%,13.6
Ray Davis,RB64,210.3,5.8,2.7%,4.9
Trey Benson,RB65,210.9,-14.3,-7.3%,24.1
Hollywood Brown,WR84,211.5,21.7,9.3%,9.8
Germie Bernard,WR85,212.8,-32.5,-18.0%,12.1
Tory Horton,WR86,213.2,-14.5,-7.3%,7.2
Zachariah Branch,WR87,213.2,-30.1,-16.4%,7.1
Jordan James,RB66,214.5,24.2,10.1%,4.7
Najee Harris,RB67,215.6,7.1,3.2%,6.5
Michael Penix,QB32,217.0,-23.4,-12.1%,15.9
Jake Tonges,TE32,219.9,0.5,0.2%,4.7
Elic Ayomanor,WR88,222.6,-8.3,-3.9%,10.3
Ollie Gordon,RB68,223.3,5.9,2.6%,4.0
Ty Simpson,QB33,223.7,-2.3,-1.0%,3.5
Devaughn Vele,WR89,224.6,-30.0,-15.4%,7.5
Colby Parkinson,TE33,225.4,-49.0,-27.8%,13.6
Kyle Williams,WR90,226.4,-40.2,-21.6%,8.6
George Holani,RB69,226.5,13.1,5.5%,8.4
Shedeur Sanders,QB34,227.2,-5.2,-2.3%,12.3
Tez Johnson,WR91,230.1,8.7,3.6%,3.4
Chris Bell,WR92,230.4,-70.7,-44.3%,17.2
Cooper Kupp,WR93,230.8,-39.0,-20.3%,8.0
Ted Hurst,WR93,230.8,9.1,3.8%,2.4
Mike Gesicki,TE34,230.9,5.7,2.4%,1.8
Justice Hill,RB70,231.2,8.0,3.3%,3.1
Jaydon Blue,RB71,231.5,-4.4,-1.9%,4.8
Demond Claiborne,RB72,233.4,-62.0,-36.2%,13.0
Rashod Bateman,WR95,233.7,-33.7,-16.8%,6.2
Ja'Kobi Lane,WR96,233.8,-92.4,-65.3%,19.9
Theo Johnson,TE35,233.9,-57.6,-32.7%,25.0
Jaylin Noel,WR97,234.0,-20.9,-9.8%,3.8
Dontayvion Wicks,WR98,234.2,-11.8,-5.3%,3.1
Justin Fields,QB35,234.3,5.1,2.1%,3.2
Deshaun Watson,QB36,235.1,4.2,1.8%,0.9
Jalen Tolbert,WR99,235.2,4.7,2.0%,2.5
Emari Demercado,RB73,235.2,4.8,2.0%,2.7
Greg Dulcich,TE36,235.4,4.6,1.9%,2.1
Antonio Williams,WR100,235.8,3.5,1.5%,1.1
Evan Engram,TE37,236.0,-6.1,-2.7%,2.3
Jahan Dotson,WR101,236.6,3.1,1.3%,1.4
Keon Coleman,WR102,236.7,-25.6,-12.1%,13.8
Keenan Allen,WR103,236.7,-21.4,-9.9%,4.1
Adam Randall,RB74,237.2,0.5,0.2%,4.3
DJ Giddens,RB75,237.3,1.2,0.5%,0.5
Tyquan Thornton,WR104,237.8,2.0,0.8%,1.7
Jaylen Wright,RB76,237.9,-0.5,-0.2%,0.8
Joe Mixon,RB77,238.0,-26.3,-12.4%,23.6
Seth McGowan,RB78,238.4,0.9,0.4%,0.6
LeQuint Allen,RB79,238.4,1.1,0.5%,3.3
Malachi Fields,WR105,238.5,1.2,0.5%,6.1
Darius Slayton,WR106,238.5,-5.7,-2.4%,1.2
Chris Brooks,RB80,238.6,1.4,0.6%,0.5
Darnell Washington,TE38,238.6,0.6,0.3%,0.5
Skyler Bell,WR107,238.7,0.5,0.2%,0.5
Mac Jones,QB37,238.8,-1.1,-0.5%,2.1
Kirk Cousins,QB38,238.8,-15.4,-6.9%,5.6
Michael Mayer,TE39,238.8,0.3,0.1%,0.3
Jack Bech,WR108,238.9,-31.9,-15.4%,6.3
Mack Hollins,WR109,238.9,0.1,0.0%,1.1
Andrei Iosivas,WR110,238.9,0.4,0.2%,0.3
Kendrick Bourne,WR110,238.9,0.8,0.3%,0.4
Isaiah Bond,WR112,239.0,-3.2,-1.4%,1.4
Kaleb Johnson,RB81,239.1,-31.3,-15.1%,13.2
Elijah Arroyo,TE40,239.2,-6.9,-3.0%,1.4
J.J. McCarthy,QB39,239.2,-52.4,-28.1%,23.3
Isaac Guerendo,RB82,239.2,0.7,0.3%,0.2
Dawson Knox,TE41,239.3,-1.1,-0.5%,0.4
Bryce Lance,WR113,239.3,0.4,0.2%,0.6
Devin Neal,RB83,239.4,-6.6,-2.8%,5.8
Tutu Atwell,WR114,239.4,0.6,0.2%,0.8
Ty Johnson,RB84,239.4,0.2,0.1%,0.4
Cole Kmet,TE42,239.4,-1.1,-0.5%,0.2
Brashard Smith,RB85,239.5,-6.8,-2.9%,9.7
Xavier Legette,WR115,239.5,-25.4,-11.9%,4.0
Devontez Walker,WR115,239.5,0.1,0.0%,0.1
Tyler Higbee,TE43,239.5,-1.6,-0.7%,0.4
Max Klare,TE44,239.5,-12.7,-5.6%,1.9
Olamide Zaccheaus,WR117,239.5,0.3,0.1%,0.5
Oscar Delp,TE45,239.5,0.5,0.2%,0.1
MarShawn Lloyd,RB86,239.5,0.3,0.1%,0.3
DeMario Douglas,WR118,239.6,-1.7,-0.7%,0.8
Kalif Raymond,WR119,239.6,0.4,0.2%,0.1
Ja'Tavion Sanders,TE46,239.6,-3.1,-1.3%,0.5
Luke McCaffrey,WR120,239.6,0.3,0.1%,0.1
Samaje Perine,RB87,239.6,0.1,0.0%,0.1
Marvin Mims Jr.,WR121,239.7,-20.4,-9.3%,12.9
Anthony Richardson,QB40,239.7,-1.6,-0.7%,1.3
Malik Davis,RB88,239.7,0.3,0.1%,0.1
Jaylin Lane,WR122,239.7,0.0,0.0%,0.1
Tahj Brooks,RB89,239.7,0.0,0.0%,0.1
Gardner Minshew II,QB41,239.7,0.2,0.1%,0.1
Sam Roush,TE47,239.7,0.3,0.1%,0.1
Michael Trigg,TE48,239.7,-10.0,-4.4%,1.5
Calvin Austin III,WR123,239.8,-0.2,-0.1%,0.3
Jerome Ford,RB90,239.8,0.2,0.1%,0.5
Jalen Milroe,QB42,239.8,-0.3,-0.1%,0.4
Treylon Burks,WR124,239.8,0.1,0.0%,0.2
Kareem Hunt,RB91,239.8,-0.2,-0.1%,0.3
KeAndre Lambert-Smith,WR125,239.8,-0.8,-0.3%,0.2
Trevor Etienne,RB92,239.8,-0.2,-0.1%,0.2
Joe Flacco,QB43,239.8,0.2,0.1%,0.1
John Metchie III,WR126,239.8,-0.1,0.0%,0.1
J'Mari Taylor,RB93,239.8,-1.4,-0.6%,0.5
Kaelon Black,RB93,239.8,0.1,0.0%,0.2
KaVontae Turpin,WR127,239.8,-0.1,0.0%,0.1
Joe Milton,QB44,239.9,0.1,0.0%,0.0
Riley Leonard,QB45,239.9,0.1,0.0%,0.1
Treyton Welch,TE49,239.9,0.0,0.0%,0.0
Jaydn Ott,RB95,239.9,0.0,0.0%,0.1
Elijah Moore,WR128,239.9,0.1,0.0%,0.0
Zach Ertz,TE50,239.9,0.1,0.0%,0.2
Nick Westbrook-Ikhine,WR129,239.9,0.1,0.0%,0.1
Quinn Ewers,QB46,239.9,-0.4,-0.2%,0.2
Odell Beckham Jr.,WR130,239.9,-0.1,0.0%,0.1
Jam Miller,RB96,239.9,0.0,0.0%,0.1
De'Zhaun Stribling,WR130,239.9,-0.1,0.0%,0.0
Mitchell Evans,TE51,239.9,-0.1,0.0%,0.1
Tyler Conklin,TE51,239.9,0.0,0.0%,0.1
Noah Fant,TE53,239.9,0.1,0.0%,0.1
Savion Williams,WR132,239.9,0.0,0.0%,0.1
Isaiah Davis,RB97,239.9,-0.4,-0.2%,1.0
Will Shipley,RB97,239.9,-0.1,0.0%,0.1
Will Howard,QB47,239.9,0.1,0.0%,0.1
Jarquez Hunter,RB97,239.9,-0.1,0.0%,0.1
Le'Veon Moss,RB97,239.9,-0.6,-0.3%,0.3
Tai Felton,WR133,239.9,0.1,0.0%,0.1
Greg Dortch,WR133,239.9,0.1,0.0%,0.1
Erick All,TE54,239.9,-0.2,-0.1%,0.1
Terion Stewart,RB101,239.9,-0.1,0.0%,0.1
Charlie Kolar,TE55,239.9,-0.2,-0.1%,0.1
Dont'e Thornton,WR135,239.9,-1.1,-0.5%,0.3
Tyler Huntley,QB48,239.9,0.1,0.0%,0.1
Kenny McIntosh,RB102,239.9,0.1,0.0%,0.1
Roman Hemby,RB102,239.9,-0.1,0.0%,1.6
Marcus Mariota,QB49,240.0,-1.8,-0.8%,0.7
Carson Wentz,QB49,240.0,-0.1,0.0%,0.1
Cedric Tillman,WR136,240.0,-1.9,-0.8%,0.4
Ashton Dulin,WR136,240.0,0.0,0.0%,0.0
Justin Joly,TE56,240.0,-0.1,0.0%,0.4
Deion Burks,WR136,240.0,-0.1,0.0%,0.2
Jonnu Smith,TE56,240.0,-0.2,-0.1%,0.1
Chip Trayanum,RB104,240.0,0.0,0.0%,0.0
Xavier Hutchinson,WR139,240.0,-0.4,-0.2%,0.1
Jameis Winston,QB51,240.0,0.0,0.0%,0.1
Dylan Laube,RB105,240.0,0.0,0.0%,0.0
Taylen Green,QB51,240.0,0.0,0.0%,0.1
Konata Mumpfield,WR140,240.0,-0.8,-0.3%,0.1
Daniel Bellinger,TE58,240.0,-0.1,0.0%,0.1
Tommy Tremble,TE58,240.0,0.0,0.0%,0.1
Dallen Bentley,TE58,240.0,0.0,0.0%,0.0
Caleb Douglas,WR140,240.0,0.0,0.0%,0.0
Noah Gray,TE61,240.0,-1.1,-0.5%,0.3
Rasheen Ali,RB106,240.0,0.0,0.0%,0.1
Isaiah Williams,WR142,240.0,0.0,0.0%,0.1
Luke Musgrave,TE61,240.0,-0.2,-0.1%,0.1
Austin Hooper,TE61,240.0,-0.1,0.0%,0.7
Ben Sinnott,TE61,240.0,-1.4,-0.6%,1.1
Tyrell Shavers,WR142,240.0,-0.1,0.0%,0.1
Jimmy Horn,WR142,240.0,-0.4,-0.2%,0.1
Foster Moreau,TE61,240.0,-0.3,-0.1%,0.1
Drew Allar,QB53,240.0,0.0,0.0%,0.1
Noah Whittington,RB106,240.0,0.0,0.0%,0.1
Ja'Lynn Polk,WR142,240.0,0.0,0.0%,0.1
Rahsul Faison,RB106,240.0,0.0,0.0%,0.1
Brenen Thompson,WR142,240.0,-0.3,-0.1%,0.2
Darren Waller,TE61,240.0,-4.2,-1.8%,0.7
Taysom Hill,TE61,240.0,0.0,0.0%,0.1
DeAndre Hopkins,WR142,240.0,0.0,0.0%,0.2
Nick Chubb,RB106,240.0,-0.4,-0.2%,0.1
